Workbook

Sheet Guide
A1: How this workbook is built
B3: WHAT EACH SHEET IS FOR
B4: ActivityUX Every learner activity with its interaction design and the evidence it captures. This is the deliverable.
B5: CurriculumMap Module and lesson structure. Counts and durations compute from ActivityUX.
B6: Coverage Checks that every objective in LO-MBPT-001 is both practised and scored. Flags holes automatically.
B7: SessionFlow A forty five minute rotation with one shared AURA unit. The deployment model constrains the experience.
B9: THE FOUR ACTIVITY TYPES
B10: Present Teaches. No performance demanded, no scoring. Used sparingly.
B11: Practice Rehearses with immediate feedback. Scaffolds visible. Does not count toward mastery.
B12: Assess Scores. Feedback is held until the end of the attempt. Only Unaided scaffold states count toward mastery.
B13: Reflect Reviews across attempts. Never pass or fail. Owns the trend measures that a single attempt cannot show.
B15: THE SCAFFOLD LADDER
B16: Guided The aid is present during the performance. Overlay visible, readout visible, pacer running.
... B31: D1 stethoscope placement is tracked by hand joint proxy and cannot assess skin contact quality. Partial assessment, stated in the product.

Sheet CurriculumMap
A1: Curriculum map, module and lesson structure
A2: Counts and durations are computed from the ActivityUX sheet. Adding an activity there updates this automatically.
A4: Module | B4: Lesson | C4: Lesson title | D4: Activities | E4: Minutes | F4: Surface emphasis | G4: Domains carried | H4: Release
A5: M0 | B5: L0.1 | C5: Orientation, equipment and setup | D5: =COUNTIF(ActivityUX!$C$5:$C$65,B5) -> 3 | E5: =SUMIF(ActivityUX!$C$5:$C$65,B5,ActivityUX!$F$5:$F$65) -> 8 | F5: Both | G5: Setup, no objectives | H5: Fall
A6: M1 | B6: L1.1 | C6: The procedure and why order matters | D6: =COUNTIF(ActivityUX!$C$5:$C$65,B6) -> 3 | E6: =SUMIF(ActivityUX!$C$5:$C$65,B6,ActivityUX!$F$5:$F$65) -> 19 | F6: Either | G6: A, sequencing | H6: Spring
A7: M1 | B7: L1.2 | C7: Screening the limb | D7: =COUNTIF(ActivityUX!$C$5:$C$65,B7) -> 2 | E7: =SUMIF(ActivityUX!$C$5:$C$65,B7,ActivityUX!$F$5:$F$65) -> 10 | F7: Either | G7: A | H7: Fall
A8: M1 | B8: L1.3 | C8: Positioning the patient | D8: =COUNTIF(ActivityUX!$C$5:$C$65,B8) -> 3 | E8: =SUMIF(ActivityUX!$C$5:$C$65,B8,ActivityUX!$F$5:$F$65) -> 16 | F8: Glasses | G8: A | H8: Fall
A9: M1 | B9: L1.4 | C9: Preparing the patient | D9: =COUNTIF(ActivityUX!$C$5:$C$65,B9) -> 2 | E9: =SUMIF(ActivityUX!$C$5:$C$65,B9,ActivityUX!$F$5:$F$65) -> 9 | F9: Either | G9: A | H9: Fall
A10: M2 | B10: L2.1 | C10: Measuring the arm | D10: =COUNTIF(ActivityUX!$C$5:$C$65,B10) -> 3 | E10: =SUMIF(ActivityUX!$C$5:$C$65,B10,ActivityUX!$F$5:$F$65) -> 12 | F10: Glasses | G10: B | H10: Fall
A11: M2 | B11: L2.2 | C11: Selecting by measurement | D11: =COUNTIF(ActivityUX!$C$5:$C$65,B11) -> 3 | E11: =SUMIF(ActivityUX!$C$5:$C$65,B11,ActivityUX!$F$5:$F$65) -> 16 | F11: Either | G11: B | H11: Fall
A12: M2 | B12: L2.3 | C12: The consequence of mis-sizing | D12: =COUNTIF(ActivityUX!$C$5:$C$65,B12) -> 3 | E12: =SUMIF(ActivityUX!$C$5:$C$65,B12,ActivityUX!$F$5:$F$65) -> 14 | F12: Either | G12: B | H12: Fall
A13: M2 | B13: L2.4 | C13: Applying the cuff | D13: =COUNTIF(ActivityUX!$C$5:$C$65,B13) -> 3 | E13: =SUMIF(ActivityUX!$C$5:$C$65,B13,ActivityUX!$F$5:$F$65) -> 13 | F13: Glasses | G13: B | H13: Fall
A14: M2 | B14: L2.5 | C14: Hard cases and boundaries | D14: =COUNTIF(ActivityUX!$C$5:$C$65,B14) -> 3 | E14: =SUMIF(ActivityUX!$C$5:$C$65,B14,ActivityUX!$F$5:$F$65) -> 14 | F14: Glasses | G14: B | H14: Fall
A15: M3 | B15: L3.1 | C15: Palpated estimate and inflation | D15: =COUNTIF(ActivityUX!$C$5:$C$65,B15) -> 3 | E15: =SUMIF(ActivityUX!$C$5:$C$65,B15,ActivityUX!$F$5:$F$65) -> 13 | F15: Phone | G15: C | H15: Fall
A16: M3 | B16: L3.2 | C16: Deflation rate control | D16: =COUNTIF(ActivityUX!$C$5:$C$65,B16) -> 4 | E16: =SUMIF(ActivityUX!$C$5:$C$65,B16,ActivityUX!$F$5:$F$65) -> 18 | F16: Phone | G16: C | H16: Fall
... A26: M5 | B26: L5.3 | C26: Planning the next practice | D26: =COUNTIF(ActivityUX!$C$5:$C$65,B26) -> 1 | E26: =SUMIF(ActivityUX!$C$5:$C$65,B26,ActivityUX!$F$5:$F$65) -> 4 | F26: Glasses | G26: F | H26: Fall
C27: TOTAL | D27: =SUM(D5:D26) -> 61 | E27: =SUM(E5:E26) -> 295
C29: Cross check against ActivityUX total | D29: =IF(D27=ActivityUX!E67,"MATCH","MISMATCH, an activity has a lesson code not listed here") -> MATCH

Sheet ActivityUX
A1: Activity level user experience and assessment crosswalk
A2: Every row is one learner activity. Type: Present teaches, Practice rehearses with feedback, Assess scores, Reflect reviews across attempts. Surface P is phone plus earbuds, G is AURA glasses. Only Unaided scaffold states count toward mastery.
A4: Activity ID | B4: Module | C4: Lesson | D4: Activity | E4: Type | F4: Min | G4: Surface | H4: Scaffold | I4: Objectives | J4: Entry state, what the learner sees | K4: Learner action | L4: Input | M4: System response | N4: Evidence captured | O4: Exit condition | P4: Release
A5: A-0.1.1 | B5: M0 | C5: L0.1 | D5: Equipment check and gauge zero | E5: Present | F5: 3 | G5: P | H5: n/a | J5: Split view: live camera on the dial, and a checklist of what must be true | K5: Hold the deflated cuff steady, confirm the needle rests at zero | L5: Physical, tap | M5: Green tick when the needle is read at zero; explanatory refusal if it is not | N5: equipment_check | O5: Needle read at zero, or gauge rejected | P5: Fall
A6: A-0.1.2 | B6: M0 | C6: L0.1 | D6: Audio and stethoscope fit check | E6: Present | F6: 2 | G6: P | H6: n/a | J6: A calibration tone plus a sample Korotkoff beat | K6: Fit earpieces forward-facing, confirm the beat is audible | L6: Tap | M6: Confirms audibility; prompts refit if not confirmed | N6: audio_check | O6: Learner confirms audibility | P6: Fall
A7: A-0.1.3 | B7: M0 | C7: L0.1 | D7: Spatial setup and arm anchor | E7: Present | F7: 3 | G7: G | H7: n/a | J7: Prompt to look at the partner arm; depth mesh visualised briefly | K7: Look at the arm, pinch to place the anchor | L7: Gesture | M7: Anchor placed at the antecubital fossa; mesh visualisation fades | N7: spatial_anchor | O7: Anchor stable for 3 seconds | P7: Fall
A8: A-1.1.1 | B8: M1 | C8: L1.1 | D8: Guided walkthrough, all fourteen steps | E8: Present | F8: 8 | G8: Either | H8: Guided | I8: A7 | J8: One step at a time with a one line rationale beneath it | K8: Read, advance, no performance required | L8: Tap | M8: Next step revealed; rationale expands on request | N8: steps_viewed | O8: All fourteen viewed | P8: Spring
A9: A-1.1.2 | B9: M1 | C9: L1.1 | D9: Build the sequence | E9: Practice | F9: 6 | G9: Either | H9: Confirmatory | J9: Fourteen shuffled step cards and an empty ordered column | K9: Drag cards into a valid order | L9: Drag | M9: On submit, names the specific precedence rule violated, not just wrong | N9: step_order_observed | O9: Sequence score at or above 90 | P9: Spring
A10: A-1.1.3 | B10: M1 | C10: L1.1 | D10: Spot the unsafe step | E10: Assess | F10: 5 | G10: Either | H10: Unaided | I10: A1, A5 | J10: A sequence with one planted out of order or unsafe step | K10: Identify the fault and state why | L10: Tap, voice | M10: Correct or incorrect, with the clinical consequence explained | N10: safety_gate_responses | O10: Correct on 3 of 4 scenarios | P10: Spring
A11: A-1.2.1 | B11: M1 | C11: L1.2 | D11: Screening six limbs | E11: Practice | F11: 6 | G11: Either | H11: Guided | I11: A1 | J11: Six patient cards, each with a limb history | K11: Decide proceed, use other arm, or escalate | L11: Tap | M11: Immediate, with the contraindication named | N11: safety_gate_responses | O11: All six attempted | P11: Fall
A12: A-1.2.2 | B12: M1 | C12: L1.2 | D12: Screening, unaided | E12: Assess | F12: 4 | G12: Either | H12: Unaided | I12: A1 | J12: Four new limbs, no prompts, no list of contraindications visible | K12: Same decision, unaided | L12: Tap | M12: Held until the end of the set | N12: safety_gate_responses | O12: No error across four | P12: Fall
A13: A-1.3.1 | B13: M1 | C13: L1.3 | D13: Positioning faults, predict the error | E13: Practice | F13: 6 | G13: Either | H13: Guided | I13: A3 | J13: A patient shown in a faulted position, one fault at a time | K13: State the direction and rough size of the resulting error | L13: Voice, tap | M13: Reveals the published effect and compares it to the answer given | N13: interpretation_response | O13: Four faults attempted | P13: Fall
A14: A-1.3.2 | B14: M1 | C14: L1.3 | D14: Position a real partner, guided | E14: Practice | F14: 6 | G14: G | H14: Guided | I14: A2 | J14: A heart level plane rendered across the partner torso, and a checklist of four conditions | K14: Seat and position the partner until all four are met | L14: Physical | M14: Each condition ticks live as it is satisfied; arm height shown against the plane | N14: vision_frames, depth | O14: All four conditions met | P14: Fall
A15: A-1.3.3 | B15: M1 | C15: L1.3 | D15: Position unaided, scored | E15: Assess | F15: 4 | G15: G | H15: Unaided | I15: A2, A3 | J15: No plane, no checklist. Only the partner. | K15: Position, then declare ready | L15: Voice | M15: Held. Geometric check runs silently at the declaration | N15: depth geometry | O15: All four met on 3 consecutive | P15: Fall
A16: A-1.4.1 | B16: M1 | C16: L1.4 | D16: Explain the procedure aloud | E16: Practice | F16: 3 | G16: G | H16: Guided | I16: A6 | J16: A prompt card listing what a patient needs to be told | K16: Explain to the partner in the learner own words | L16: Voice | M16: Detects that an explanation occurred and its rough completeness, does not grade wording | N16: spoken_responses | O16: Explanation detected before limb contact | P16: Fall
A17: A-1.4.2 | B17: M1 | C17: L1.4 | D17: Rest period and invalidating conditions | E17: Practice | F17: 6 | G17: Either | H17: Guided | I17: A4, A5, A7 | J17: A five minute timer, plus prompts about caffeine, nicotine, exercise, bladder, pain | K17: Run the rest period, ask the screening questions, log hand hygiene | L17: Voice, tap | M17: Timer enforces the full five minutes; screening answers recorded | N17: steps_completed, timer | O17: Timer complete and screening answered | P17: Fall
A18: A-2.1.1 | B18: M2 | C18: L2.1 | D18: Where to measure, demonstrated | E18: Present | F18: 3 | G18: G | H18: Guided | I18: B1 | J18: Acromion and olecranon highlighted on the real partner arm, midpoint marked | K18: Watch, then locate the two landmarks by pointing | L18: Gesture | M18: Confirms landmark identification | N18: landmarks_identified | O18: Both landmarks located | P18: Fall
A19: A-2.1.2 | B19: M2 | C19: L2.1 | D19: Measure with the overlay guide | E19: Practice | F19: 5 | G19: G | H19: Guided | I19: B1 | J19: Midpoint plane rendered on the arm; tape guidance visible | K19: Measure with a real tape and speak the value | L19: Physical, voice | M19: Compares spoken value to the depth estimate; prompts a re-measure on discrepancy, never reveals the answer | N19: arm_circumference_entered_cm, depth_circumference_estimate_cm | O19: Agreement within 1.5 cm | P19: Fall
A20: A-2.1.3 | B20: M2 | C20: L2.1 | D20: Measure unaided | E20: Assess | F20: 4 | G20: G | H20: Unaided | I20: B1 | J20: No overlay. The arm only. | K20: Locate the midpoint and measure | L20: Physical, voice | M20: Held until the end of the attempt | N20: circumference_discrepancy_cm | O20: Within 1.5 cm on 3 consecutive | P20: Fall
A21: A-2.2.1 | B21: M2 | C21: L2.2 | D21: The size chart, explored | E21: Present | F21: 4 | G21: Either | H21: Guided | I21: B2, B6 | J21: Interactive chart of circumference ranges against cuff categories | K21: Explore. Try circumferences and see which cuff results | L21: Tap | M21: Shows the resulting category and the bladder ratio | N21: chart_explored | O21: Four categories explored | P21: Fall
... A65: A-5.3.1 | B65: M5 | C65: L5.3 | D65: Choose the next practice | E65: Reflect | F65: 4 | G65: G | H65: n/a | I65: F3 | J65: The learner own mastery flags across all six domains | K65: Choose the next activity and justify | L65: Voice | M65: Records the choice. Does not override it | N65: learner_selection | O65: Choice made with a justification | P65: Fall
D67: TOTAL ACTIVITIES | E67: =COUNTA(A5:A65) -> 61 | F67: =SUM(F5:F65) -> 295 | G67: minutes
D68: Fall release minutes | F68: =SUMIF(P5:P65,"Fall",F5:F65) -> 239
D69: Spring release minutes | F69: =SUMIF(P5:P65,"Spring",F5:F65) -> 56

Sheet Coverage
A1: Objective coverage check
A2: Every objective in LO-MBPT-001 must be taught by at least one Practice activity and scored by at least one Assess activity. Anything flagged below is a hole in the design, not a rounding issue.
A4: Objective | B4: Domain | C4: Total activities | D4: Practice or Present | E4: Assess | F4: Reflect | G4: Fall available | H4: Status
A5: A1 | B5: A | C5: =SUMPRODUCT(--ISNUMBER(SEARCH($A5,ActivityUX!$I$5:$I$65))) -> 3 | D5: =SUMPRODUCT(--ISNUMBER(SEARCH($A5,ActivityUX!$I$5:$I$65)),--((ActivityUX!$E$5:$E$65="Practice")+(ActivityUX!$E$5:$E$65="Present")>0)) -> 1 | E5: =SUMPRODUCT(--ISNUMBER(SEARCH($A5,ActivityUX!$I$5:$I$65)),--(ActivityUX!$E$5:$E$65="Assess")) -> 2 | F5: =SUMPRODUCT(--ISNUMBER(SEARCH($A5,ActivityUX!$I$5:$I$65)),--(ActivityUX!$E$5:$E$65="Reflect")) -> 0 | G5: =SUMPRODUCT(--ISNUMBER(SEARCH($A5,ActivityUX!$I$5:$I$65)),--(ActivityUX!$P$5:$P$65="Fall")) -> 2 | H5: =IF(C5=0,"NOT COVERED",IF(G5=0,"Spring only",IF(AND(E5=0,F5>0),"OK, trend measure",IF(E5=0,"Taught but never scored",IF(D5+F5=0,"Scored without practice","OK"))))) -> OK
A6: A2 | B6: A | C6: =SUMPRODUCT(--ISNUMBER(SEARCH($A6,ActivityUX!$I$5:$I$65))) -> 2 | D6: =SUMPRODUCT(--ISNUMBER(SEARCH($A6,ActivityUX!$I$5:$I$65)),--((ActivityUX!$E$5:$E$65="Practice")+(ActivityUX!$E$5:$E$65="Present")>0)) -> 1 | E6: =SUMPRODUCT(--ISNUMBER(SEARCH($A6,ActivityUX!$I$5:$I$65)),--(ActivityUX!$E$5:$E$65="Assess")) -> 1 | F6: =SUMPRODUCT(--ISNUMBER(SEARCH($A6,ActivityUX!$I$5:$I$65)),--(ActivityUX!$E$5:$E$65="Reflect")) -> 0 | G6: =SUMPRODUCT(--ISNUMBER(SEARCH($A6,ActivityUX!$I$5:$I$65)),--(ActivityUX!$P$5:$P$65="Fall")) -> 2 | H6: =IF(C6=0,"NOT COVERED",IF(G6=0,"Spring only",IF(AND(E6=0,F6>0),"OK, trend measure",IF(E6=0,"Taught but never scored",IF(D6+F6=0,"Scored without practice","OK"))))) -> OK
A7: A3 | B7: A | C7: =SUMPRODUCT(--ISNUMBER(SEARCH($A7,ActivityUX!$I$5:$I$65))) -> 2 | D7: =SUMPRODUCT(--ISNUMBER(SEARCH($A7,ActivityUX!$I$5:$I$65)),--((ActivityUX!$E$5:$E$65="Practice")+(ActivityUX!$E$5:$E$65="Present")>0)) -> 1 | E7: =SUMPRODUCT(--ISNUMBER(SEARCH($A7,ActivityUX!$I$5:$I$65)),--(ActivityUX!$E$5:$E$65="Assess")) -> 1 | F7: =SUMPRODUCT(--ISNUMBER(SEARCH($A7,ActivityUX!$I$5:$I$65)),--(ActivityUX!$E$5:$E$65="Reflect")) -> 0 | G7: =SUMPRODUCT(--ISNUMBER(SEARCH($A7,ActivityUX!$I$5:$I$65)),--(ActivityUX!$P$5:$P$65="Fall")) -> 2 | H7: =IF(C7=0,"NOT COVERED",IF(G7=0,"Spring only",IF(AND(E7=0,F7>0),"OK, trend measure",IF(E7=0,"Taught but never scored",IF(D7+F7=0,"Scored without practice","OK"))))) -> OK
A8: A4 | B8: A | C8: =SUMPRODUCT(--ISNUMBER(SEARCH($A8,ActivityUX!$I$5:$I$65))) -> 2 | D8: =SUMPRODUCT(--ISNUMBER(SEARCH($A8,ActivityUX!$I$5:$I$65)),--((ActivityUX!$E$5:$E$65="Practice")+(ActivityUX!$E$5:$E$65="Present")>0)) -> 1 | E8: =SUMPRODUCT(--ISNUMBER(SEARCH($A8,ActivityUX!$I$5:$I$65)),--(ActivityUX!$E$5:$E$65="Assess")) -> 1 | F8: =SUMPRODUCT(--ISNUMBER(SEARCH($A8,ActivityUX!$I$5:$I$65)),--(ActivityUX!$E$5:$E$65="Reflect")) -> 0 | G8: =SUMPRODUCT(--ISNUMBER(SEARCH($A8,ActivityUX!$I$5:$I$65)),--(ActivityUX!$P$5:$P$65="Fall")) -> 2 | H8: =IF(C8=0,"NOT COVERED",IF(G8=0,"Spring only",IF(AND(E8=0,F8>0),"OK, trend measure",IF(E8=0,"Taught but never scored",IF(D8+F8=0,"Scored without practice","OK"))))) -> OK
A9: A5 | B9: A | C9: =SUMPRODUCT(--ISNUMBER(SEARCH($A9,ActivityUX!$I$5:$I$65))) -> 2 | D9: =SUMPRODUCT(--ISNUMBER(SEARCH($A9,ActivityUX!$I$5:$I$65)),--((ActivityUX!$E$5:$E$65="Practice")+(ActivityUX!$E$5:$E$65="Present")>0)) -> 1 | E9: =SUMPRODUCT(--ISNUMBER(SEARCH($A9,ActivityUX!$I$5:$I$65)),--(ActivityUX!$E$5:$E$65="Assess")) -> 1 | F9: =SUMPRODUCT(--ISNUMBER(SEARCH($A9,ActivityUX!$I$5:$I$65)),--(ActivityUX!$E$5:$E$65="Reflect")) -> 0 | G9: =SUMPRODUCT(--ISNUMBER(SEARCH($A9,ActivityUX!$I$5:$I$65)),--(ActivityUX!$P$5:$P$65="Fall")) -> 1 | H9: =IF(C9=0,"NOT COVERED",IF(G9=0,"Spring only",IF(AND(E9=0,F9>0),"OK, trend measure",IF(E9=0,"Taught but never scored",IF(D9+F9=0,"Scored without practice","OK"))))) -> OK
A10: A6 | B10: A | C10: =SUMPRODUCT(--ISNUMBER(SEARCH($A10,ActivityUX!$I$5:$I$65))) -> 2 | D10: =SUMPRODUCT(--ISNUMBER(SEARCH($A10,ActivityUX!$I$5:$I$65)),--((ActivityUX!$E$5:$E$65="Practice")+(ActivityUX!$E$5:$E$65="Present")>0)) -> 1 | E10: =SUMPRODUCT(--ISNUMBER(SEARCH($A10,ActivityUX!$I$5:$I$65)),--(ActivityUX!$E$5:$E$65="Assess")) -> 1 | F10: =SUMPRODUCT(--ISNUMBER(SEARCH($A10,ActivityUX!$I$5:$I$65)),--(ActivityUX!$E$5:$E$65="Reflect")) -> 0 | G10: =SUMPRODUCT(--ISNUMBER(SEARCH($A10,ActivityUX!$I$5:$I$65)),--(ActivityUX!$P$5:$P$65="Fall")) -> 2 | H10: =IF(C10=0,"NOT COVERED",IF(G10=0,"Spring only",IF(AND(E10=0,F10>0),"OK, trend measure",IF(E10=0,"Taught but never scored",IF(D10+F10=0,"Scored without practice","OK"))))) -> OK
A11: A7 | B11: A | C11: =SUMPRODUCT(--ISNUMBER(SEARCH($A11,ActivityUX!$I$5:$I$65))) -> 3 | D11: =SUMPRODUCT(--ISNUMBER(SEARCH($A11,ActivityUX!$I$5:$I$65)),--((ActivityUX!$E$5:$E$65="Practice")+(ActivityUX!$E$5:$E$65="Present")>0)) -> 2 | E11: =SUMPRODUCT(--ISNUMBER(SEARCH($A11,ActivityUX!$I$5:$I$65)),--(ActivityUX!$E$5:$E$65="Assess")) -> 1 | F11: =SUMPRODUCT(--ISNUMBER(SEARCH($A11,ActivityUX!$I$5:$I$65)),--(ActivityUX!$E$5:$E$65="Reflect")) -> 0 | G11: =SUMPRODUCT(--ISNUMBER(SEARCH($A11,ActivityUX!$I$5:$I$65)),--(ActivityUX!$P$5:$P$65="Fall")) -> 2 | H11: =IF(C11=0,"NOT COVERED",IF(G11=0,"Spring only",IF(AND(E11=0,F11>0),"OK, trend measure",IF(E11=0,"Taught but never scored",IF(D11+F11=0,"Scored without practice","OK"))))) -> OK
A12: B1 | B12: B | C12: =SUMPRODUCT(--ISNUMBER(SEARCH($A12,ActivityUX!$I$5:$I$65))) -> 3 | D12: =SUMPRODUCT(--ISNUMBER(SEARCH($A12,ActivityUX!$I$5:$I$65)),--((ActivityUX!$E$5:$E$65="Practice")+(ActivityUX!$E$5:$E$65="Present")>0)) -> 2 | E12: =SUMPRODUCT(--ISNUMBER(SEARCH($A12,ActivityUX!$I$5:$I$65)),--(ActivityUX!$E$5:$E$65="Assess")) -> 1 | F12: =SUMPRODUCT(--ISNUMBER(SEARCH($A12,ActivityUX!$I$5:$I$65)),--(ActivityUX!$E$5:$E$65="Reflect")) -> 0 | G12: =SUMPRODUCT(--ISNUMBER(SEARCH($A12,ActivityUX!$I$5:$I$65)),--(ActivityUX!$P$5:$P$65="Fall")) -> 3 | H12: =IF(C12=0,"NOT COVERED",IF(G12=0,"Spring only",IF(AND(E12=0,F12>0),"OK, trend measure",IF(E12=0,"Taught but never scored",IF(D12+F12=0,"Scored without practice","OK"))))) -> OK
A13: B2 | B13: B | C13: =SUMPRODUCT(--ISNUMBER(SEARCH($A13,ActivityUX!$I$5:$I$65))) -> 3 | D13: =SUMPRODUCT(--ISNUMBER(SEARCH($A13,ActivityUX!$I$5:$I$65)),--((ActivityUX!$E$5:$E$65="Practice")+(ActivityUX!$E$5:$E$65="Present")>0)) -> 2 | E13: =SUMPRODUCT(--ISNUMBER(SEARCH($A13,ActivityUX!$I$5:$I$65)),--(ActivityUX!$E$5:$E$65="Assess")) -> 1 | F13: =SUMPRODUCT(--ISNUMBER(SEARCH($A13,ActivityUX!$I$5:$I$65)),--(ActivityUX!$E$5:$E$65="Reflect")) -> 0 | G13: =SUMPRODUCT(--ISNUMBER(SEARCH($A13,ActivityUX!$I$5:$I$65)),--(ActivityUX!$P$5:$P$65="Fall")) -> 3 | H13: =IF(C13=0,"NOT COVERED",IF(G13=0,"Spring only",IF(AND(E13=0,F13>0),"OK, trend measure",IF(E13=0,"Taught but never scored",IF(D13+F13=0,"Scored without practice","OK"))))) -> OK
A14: B3 | B14: B | C14: =SUMPRODUCT(--ISNUMBER(SEARCH($A14,ActivityUX!$I$5:$I$65))) -> 3 | D14: =SUMPRODUCT(--ISNUMBER(SEARCH($A14,ActivityUX!$I$5:$I$65)),--((ActivityUX!$E$5:$E$65="Practice")+(ActivityUX!$E$5:$E$65="Present")>0)) -> 2 | E14: =SUMPRODUCT(--ISNUMBER(SEARCH($A14,ActivityUX!$I$5:$I$65)),--(ActivityUX!$E$5:$E$65="Assess")) -> 1 | F14: =SUMPRODUCT(--ISNUMBER(SEARCH($A14,ActivityUX!$I$5:$I$65)),--(ActivityUX!$E$5:$E$65="Reflect")) -> 0 | G14: =SUMPRODUCT(--ISNUMBER(SEARCH($A14,ActivityUX!$I$5:$I$65)),--(ActivityUX!$P$5:$P$65="Fall")) -> 3 | H14: =IF(C14=0,"NOT COVERED",IF(G14=0,"Spring only",IF(AND(E14=0,F14>0),"OK, trend measure",IF(E14=0,"Taught but never scored",IF(D14+F14=0,"Scored without practice","OK"))))) -> OK
A15: B4 | B15: B | C15: =SUMPRODUCT(--ISNUMBER(SEARCH($A15,ActivityUX!$I$5:$I$65))) -> 3 | D15: =SUMPRODUCT(--ISNUMBER(SEARCH($A15,ActivityUX!$I$5:$I$65)),--((ActivityUX!$E$5:$E$65="Practice")+(ActivityUX!$E$5:$E$65="Present")>0)) -> 2 | E15: =SUMPRODUCT(--ISNUMBER(SEARCH($A15,ActivityUX!$I$5:$I$65)),--(ActivityUX!$E$5:$E$65="Assess")) -> 1 | F15: =SUMPRODUCT(--ISNUMBER(SEARCH($A15,ActivityUX!$I$5:$I$65)),--(ActivityUX!$E$5:$E$65="Reflect")) -> 0 | G15: =SUMPRODUCT(--ISNUMBER(SEARCH($A15,ActivityUX!$I$5:$I$65)),--(ActivityUX!$P$5:$P$65="Fall")) -> 3 | H15: =IF(C15=0,"NOT COVERED",IF(G15=0,"Spring only",IF(AND(E15=0,F15>0),"OK, trend measure",IF(E15=0,"Taught but never scored",IF(D15+F15=0,"Scored without practice","OK"))))) -> OK
A16: B5 | B16: B | C16: =SUMPRODUCT(--ISNUMBER(SEARCH($A16,ActivityUX!$I$5:$I$65))) -> 2 | D16: =SUMPRODUCT(--ISNUMBER(SEARCH($A16,ActivityUX!$I$5:$I$65)),--((ActivityUX!$E$5:$E$65="Practice")+(ActivityUX!$E$5:$E$65="Present")>0)) -> 1 | E16: =SUMPRODUCT(--ISNUMBER(SEARCH($A16,ActivityUX!$I$5:$I$65)),--(ActivityUX!$E$5:$E$65="Assess")) -> 1 | F16: =SUMPRODUCT(--ISNUMBER(SEARCH($A16,ActivityUX!$I$5:$I$65)),--(ActivityUX!$E$5:$E$65="Reflect")) -> 0 | G16: =SUMPRODUCT(--ISNUMBER(SEARCH($A16,ActivityUX!$I$5:$I$65)),--(ActivityUX!$P$5:$P$65="Fall")) -> 2 | H16: =IF(C16=0,"NOT COVERED",IF(G16=0,"Spring only",IF(AND(E16=0,F16>0),"OK, trend measure",IF(E16=0,"Taught but never scored",IF(D16+F16=0,"Scored without practice","OK"))))) -> OK
... A43: F4 | B43: F | C43: =SUMPRODUCT(--ISNUMBER(SEARCH($A43,ActivityUX!$I$5:$I$65))) -> 2 | D43: =SUMPRODUCT(--ISNUMBER(SEARCH($A43,ActivityUX!$I$5:$I$65)),--((ActivityUX!$E$5:$E$65="Practice")+(ActivityUX!$E$5:$E$65="Present")>0)) -> 0 | E43: =SUMPRODUCT(--ISNUMBER(SEARCH($A43,ActivityUX!$I$5:$I$65)),--(ActivityUX!$E$5:$E$65="Assess")) -> 1 | F43: =SUMPRODUCT(--ISNUMBER(SEARCH($A43,ActivityUX!$I$5:$I$65)),--(ActivityUX!$E$5:$E$65="Reflect")) -> 1 | G43: =SUMPRODUCT(--ISNUMBER(SEARCH($A43,ActivityUX!$I$5:$I$65)),--(ActivityUX!$P$5:$P$65="Fall")) -> 2 | H43: =IF(C43=0,"NOT COVERED",IF(G43=0,"Spring only",IF(AND(E43=0,F43>0),"OK, trend measure",IF(E43=0,"Taught but never scored",IF(D43+F43=0,"Scored without practice","OK"))))) -> OK
A45: Objectives not covered at all | C45: =COUNTIF(H5:H43,"NOT COVERED") -> 0
A46: Objectives taught but never scored | C46: =COUNTIF(H5:H43,"Taught but never scored") -> 0
A47: Objectives scored without any practice first | C47: =COUNTIF(H5:H43,"Scored without practice") -> 0
A48: Objectives unavailable until spring | C48: =COUNTIF(H5:H43,"Spring only") -> 5
A49: Objectives fully served in the fall release | C49: =COUNTIF(H5:H43,"OK")+COUNTIF(H5:H43,"OK, trend measure") -> 34

Sheet SessionFlow
A1: Session flow, a forty five minute skills laboratory rotation
A2: One shared AURA unit rotating across four learners while the others practise on phones. This is the deployment model that makes the glasses affordable, and it constrains the user experience, so it is designed here.
A4: Minute | B4: Learner 1 | C4: Learner 2, 3, 4 | D4: Partner role | E4: Device in use | F4: Design note
A5: 0 to 5 | B5: Orientation and equipment check | C5: Same, on their own phones | D5: Observes | E5: Phone | F5: Everyone starts together. Gauge zero check doubles as an equipment safety habit.
A6: 5 to 15 | B6: Phone practice, deflation rate and marking | C6: Same | D6: Holds the phone, calls out nothing | E6: Phone | F6: The partner holding the phone becomes an observer with a defined role rather than a passive arm.
A7: 15 to 25 | B7: AURA checkpoint: measure, select, apply, place | C7: Continue phone practice | D7: Presents the arm | E7: Glasses | F7: The glasses carry the scored spatial checkpoint. Ten minutes is enough for B1, B2, B4 and D1.
A8: 25 to 33 | B8: AURA checkpoint: interpret and act | C8: Continue phone practice | D8: Presents the arm and a brief history | E8: Glasses | F8: Domain E spoken, hands on the equipment. This is the block that has never had a home before.
A9: 33 to 40 | B9: AURA debrief: spatial replay and attribution | C9: Continue phone practice | D9: Observes the replay alongside | E9: Glasses | F9: The partner watching the replay is a second learner getting most of the benefit for free.
A10: 40 to 45 | B10: Handover, next practice chosen | C10: Learner 2 takes the glasses | D10: Rotates | E10: Both | F10: Handover is a designed step, not an interruption. The spatial anchor must survive a wearer change.
A13: WHAT THIS FLOW ASSUMES
A14: One AURA unit serves four learners in a forty five minute rotation, because nineteen of its objectives are checkpoint and debrief objectives rather than practice objectives.
A15: Practice happens on phones the learners already own. The glasses are where scored assessment and debrief happen.
A16: Handover must be under sixty seconds including anchor re-establishment, or the rotation collapses. This is validation item V-5.
A17: The partner is never idle. Holding the phone, presenting the arm, and watching the replay are all designed roles.

Sheet MediaAssets
A1: Class A clinical case production tracker
A2: One row per case. Status drives the Blocked column, which tells you exactly which activities cannot ship. Yellow cells are inputs; update Status as production progresses.
A4: Case ID | B4: Condition | C4: Priority | D4: Unlocks objectives | E4: Blocked activities | F4: Recruitment | G4: Status | H4: Consent ref | I4: Raters agreed | J4: Accepted
A5: C001 | B5: Normotensive adult | C5: Have | D5: D2, D3 | F5: Complete | G5: Accepted | H5: on file | I5: yes | J5: Y
A6: C002 | B6: Stage two hypertension | C6: Have | D6: D2, D3, E1 | F6: Complete | G6: Accepted | H6: on file | I6: yes | J6: Y
A7: C003 | B7: Normotensive, second subject | C7: Have | D7: D2, D3 | F7: Complete | G7: Accepted | H7: on file | I7: yes | J7: Y
A8: C004 | B8: Existing case 4 | C8: Have | D8: D2, D3 | F8: Complete | G8: Accepted | H8: on file | I8: yes | J8: Y
A9: C005 | B9: Existing case 5 | C9: Have | D9: D2, D3 | F9: Complete | G9: Accepted | H9: on file | I9: yes | J9: Y
A10: C006 | B10: Existing case 6 | C10: Have | D10: D2, D3 | F10: Complete | G10: Accepted | H10: on file | I10: yes | J10: Y
A11: C007 | B11: Existing case 7 | C11: Have | D11: D2, D3 | F11: Complete | G11: Accepted | H11: on file | I11: yes | J11: Y
A12: C008 | B12: Existing case 8 | C12: Have | D12: D2, D3 | F12: Complete | G12: Accepted | H12: on file | I12: yes | J12: Y
A13: C009 | B13: Existing case 9 | C13: Have | D13: D2, D3 | F13: Complete | G13: Accepted | H13: on file | I13: yes | J13: Y
A14: C010 | B14: Existing case 10 | C14: Have | D14: D2, D3 | F14: Complete | G14: Accepted | H14: on file | I14: yes | J14: Y
A15: C011 | B15: Atrial fibrillation, rate controlled | C15: 1 | D15: D7, E3 | E15: A-3.6.3, A-3.6.5, A-4.3.2 | F15: Community volunteer, over 70 | G15: Not started | J15: N
A16: C012 | B16: Auscultatory gap | C16: 2 | D16: D4 | E16: A-3.6.1, A-3.6.5 | F16: Screen candidates, cannot recruit by diagnosis | G16: Not started | J16: N
A17: C013 | B17: Hypotension, orthostatic | C17: 3 | D17: E5 | E17: A-4.2.2 | F17: Community volunteer | G17: Not started | J17: N
A18: C014 | B18: Phase four muffling | C18: 4 | D18: D5 | E18: A-3.6.2, A-3.6.5 | F18: Pregnancy or high output state | G18: Not started | J18: N
A19: C015 | B19: Large arm, large adult cuff | C19: 5 | D19: B2 reinforcement | F19: Easy | G19: Not started | J19: N
A20: C016 | B20: Wide pulse pressure, elderly | C20: 6 | D20: Case variety | F20: Easy | G20: Not started | J20: N
A21: C017 | B21: Paediatric, school age | C21: 7 | D21: Paediatric variation | F21: Parental permission plus child assent. Longest lead time. | G21: Deferred | J21: N
B23: Cases accepted | C23: =COUNTIF(J5:J21,"Y") -> 10
B24: Cases outstanding for full objective coverage | C24: =COUNTIF(J5:J21,"N")-COUNTIF(G5:G21,"Deferred") -> 6
B25: Activities blocked by missing cases | C25: =SUMPRODUCT(--(J5:J21="N"),--(LEN(E5:E21)>0),(LEN(E5:E21)-LEN(SUBSTITUTE(E5:E21,",",""))+1)) -> 8 | D25: Counted with duplicates; A-3.6.5 appears against three cases.
A27: PRODUCTION PIPELINE STAGES
A28: P1 Rig built, capture protocol frozen, take log and consent form drafted.
A29: P2 Pilot capture with two colleagues, taken end to end through to an accepted case.
A30: P3 Site permission, consent approval, not human subjects research determination. Starts day one, runs in parallel.
A31: P4 Capture sessions. Six subjects per day, forty five minutes each.
A32: P5 Post production: sync against the slate, trim, verify no exposure drift.
A33: P6 Annotation: needle read, beat onsets tagged with pressure, rhythm intervals extracted.
A34: P7 Ground truth: three raters. Disagreement beyond 4 mmHg rejects the case rather than averaging it.
A35: P8 Acceptance and packaging with the capture protocol block.
